lat,lon,time,tmin,startStep,endStep,prediction_date
45.0,4.0,2020-12-05,267.9796,0.0,24.0,2020-12-05
45.0,4.0,2020-12-06,269.06366,24.0,48.0,2020-12-05
45.0,4.0,2020-12-07,269.1491,48.0,72.0,2020-12-05
45.0,4.0,2020-12-08,268.852,72.0,96.0,2020-12-05
45.0,4.0,2020-12-09,266.7376,96.0,120.0,2020-12-05
45.0,4.0,2020-12-10,267.31757,120.0,144.0,2020-12-05
45.0,4.0,2020-12-11,275.16556,144.0,168.0,2020-12-05
45.0,4.0,2020-12-12,274.9542,168.0,192.0,2020-12-05
45.0,4.0,2020-12-13,271.7025,192.0,216.0,2020-12-05
45.0,4.0,2020-12-14,272.29364,216.0,240.0,2020-12-05
45.0,4.0,2020-12-15,273.67197,240.0,264.0,2020-12-05
45.0,4.0,2020-12-16,273.24545,264.0,288.0,2020-12-05
45.0,4.0,2020-12-17,273.77094,288.0,312.0,2020-12-05
45.0,4.0,2020-12-18,272.617,312.0,336.0,2020-12-05
45.0,4.0,2020-12-19,271.6571,336.0,360.0,2020-12-05
45.0,5.0,2020-12-05,274.59192,0.0,24.0,2020-12-05
45.0,5.0,2020-12-06,273.67294,24.0,48.0,2020-12-05
45.0,5.0,2020-12-07,273.22693,48.0,72.0,2020-12-05
45.0,5.0,2020-12-08,273.0959,72.0,96.0,2020-12-05
45.0,5.0,2020-12-09,272.4776,96.0,120.0,2020-12-05
45.0,5.0,2020-12-10,272.13654,120.0,144.0,2020-12-05
45.0,5.0,2020-12-11,274.89557,144.0,168.0,2020-12-05
45.0,5.0,2020-12-12,279.63422,168.0,192.0,2020-12-05
45.0,5.0,2020-12-13,275.7725,192.0,216.0,2020-12-05
45.0,5.0,2020-12-14,275.20364,216.0,240.0,2020-12-05
45.0,5.0,2020-12-15,277.18195,240.0,264.0,2020-12-05
45.0,5.0,2020-12-16,276.04544,264.0,288.0,2020-12-05
45.0,5.0,2020-12-17,276.04092,288.0,312.0,2020-12-05
45.0,5.0,2020-12-18,277.197,312.0,336.0,2020-12-05
45.0,5.0,2020-12-19,275.57565,336.0,360.0,2020-12-05
45.0,6.0,2020-12-05,265.13193,0.0,24.0,2020-12-05
45.0,6.0,2020-12-06,264.37366,24.0,48.0,2020-12-05
45.0,6.0,2020-12-07,263.39694,48.0,72.0,2020-12-05
45.0,6.0,2020-12-08,261.90198,72.0,96.0,2020-12-05
45.0,6.0,2020-12-09,261.0476,96.0,120.0,2020-12-05
45.0,6.0,2020-12-10,262.13757,120.0,144.0,2020-12-05
45.0,6.0,2020-12-11,269.23557,144.0,168.0,2020-12-05
45.0,6.0,2020-12-12,270.1442,168.0,192.0,2020-12-05
45.0,6.0,2020-12-13,266.11267,192.0,216.0,2020-12-05
45.0,6.0,2020-12-14,267.54364,216.0,240.0,2020-12-05
45.0,6.0,2020-12-15,271.79196,240.0,264.0,2020-12-05
45.0,6.0,2020-12-16,267.05,264.0,288.0,2020-12-05
45.0,6.0,2020-12-17,267.45093,288.0,312.0,2020-12-05
45.0,6.0,2020-12-18,265.747,312.0,336.0,2020-12-05
45.0,6.0,2020-12-19,265.9371,336.0,360.0,2020-12-05
46.0,4.0,2020-12-05,271.32962,0.0,24.0,2020-12-05
46.0,4.0,2020-12-06,271.60364,24.0,48.0,2020-12-05
46.0,4.0,2020-12-07,271.39694,48.0,72.0,2020-12-05
46.0,4.0,2020-12-08,270.26587,72.0,96.0,2020-12-05
46.0,4.0,2020-12-09,270.0276,96.0,120.0,2020-12-05
46.0,4.0,2020-12-10,270.14758,120.0,144.0,2020-12-05
46.0,4.0,2020-12-11,273.54556,144.0,168.0,2020-12-05
46.0,4.0,2020-12-12,278.7842,168.0,192.0,2020-12-05
46.0,4.0,2020-12-13,274.2625,192.0,216.0,2020-12-05
46.0,4.0,2020-12-14,274.65366,216.0,240.0,2020-12-05
46.0,4.0,2020-12-15,276.23196,240.0,264.0,2020-12-05
46.0,4.0,2020-12-16,275.16547,264.0,288.0,2020-12-05
46.0,4.0,2020-12-17,275.29092,288.0,312.0,2020-12-05
46.0,4.0,2020-12-18,276.547,312.0,336.0,2020-12-05
46.0,4.0,2020-12-19,274.69708,336.0,360.0,2020-12-05
46.0,5.0,2020-12-05,273.4796,0.0,24.0,2020-12-05
46.0,5.0,2020-12-06,273.12292,24.0,48.0,2020-12-05
46.0,5.0,2020-12-07,272.86694,48.0,72.0,2020-12-05
46.0,5.0,2020-12-08,272.1059,72.0,96.0,2020-12-05
46.0,5.0,2020-12-09,271.55762,96.0,120.0,2020-12-05
46.0,5.0,2020-12-10,271.35654,120.0,144.0,2020-12-05
46.0,5.0,2020-12-11,273.67557,144.0,168.0,2020-12-05
46.0,5.0,2020-12-12,280.1742,168.0,192.0,2020-12-05
46.0,5.0,2020-12-13,275.8425,192.0,216.0,2020-12-05
46.0,5.0,2020-12-14,274.63367,216.0,240.0,2020-12-05
46.0,5.0,2020-12-15,277.55194,240.0,264.0,2020-12-05
46.0,5.0,2020-12-16,276.10547,264.0,288.0,2020-12-05
46.0,5.0,2020-12-17,276.72092,288.0,312.0,2020-12-05
46.0,5.0,2020-12-18,277.287,312.0,336.0,2020-12-05
46.0,5.0,2020-12-19,275.99564,336.0,360.0,2020-12-05
46.0,6.0,2020-12-05,272.46964,0.0,24.0,2020-12-05
46.0,6.0,2020-12-06,271.91293,24.0,48.0,2020-12-05
46.0,6.0,2020-12-07,269.29694,48.0,72.0,2020-12-05
46.0,6.0,2020-12-08,269.14587,72.0,96.0,2020-12-05
46.0,6.0,2020-12-09,268.5976,96.0,120.0,2020-12-05
46.0,6.0,2020-12-10,268.26654,120.0,144.0,2020-12-05
46.0,6.0,2020-12-11,270.18558,144.0,168.0,2020-12-05
46.0,6.0,2020-12-12,276.71405,168.0,192.0,2020-12-05
46.0,6.0,2020-12-13,272.0225,192.0,216.0,2020-12-05
46.0,6.0,2020-12-14,271.41364,216.0,240.0,2020-12-05
46.0,6.0,2020-12-15,276.8592,240.0,264.0,2020-12-05
46.0,6.0,2020-12-16,272.95,264.0,288.0,2020-12-05
46.0,6.0,2020-12-17,272.9009,288.0,312.0,2020-12-05
46.0,6.0,2020-12-18,275.71283,312.0,336.0,2020-12-05
46.0,6.0,2020-12-19,272.69565,336.0,360.0,2020-12-05
47.0,4.0,2020-12-05,270.77963,0.0,24.0,2020-12-05
47.0,4.0,2020-12-06,272.26367,24.0,48.0,2020-12-05
47.0,4.0,2020-12-07,270.55695,48.0,72.0,2020-12-05
47.0,4.0,2020-12-08,270.43588,72.0,96.0,2020-12-05
47.0,4.0,2020-12-09,270.3876,96.0,120.0,2020-12-05
47.0,4.0,2020-12-10,270.2365,120.0,144.0,2020-12-05
47.0,4.0,2020-12-11,271.95557,144.0,168.0,2020-12-05
47.0,4.0,2020-12-12,278.3342,168.0,192.0,2020-12-05
47.0,4.0,2020-12-13,273.8225,192.0,216.0,2020-12-05
47.0,4.0,2020-12-14,274.05365,216.0,240.0,2020-12-05
47.0,4.0,2020-12-15,276.29196,240.0,264.0,2020-12-05
47.0,4.0,2020-12-16,275.07544,264.0,288.0,2020-12-05
47.0,4.0,2020-12-17,276.6109,288.0,312.0,2020-12-05
47.0,4.0,2020-12-18,277.70935,312.0,336.0,2020-12-05
47.0,4.0,2020-12-19,276.60565,336.0,360.0,2020-12-05
47.0,5.0,2020-12-05,272.84964,0.0,24.0,2020-12-05
47.0,5.0,2020-12-06,272.71292,24.0,48.0,2020-12-05
47.0,5.0,2020-12-07,272.33694,48.0,72.0,2020-12-05
47.0,5.0,2020-12-08,271.67517,72.0,96.0,2020-12-05
47.0,5.0,2020-12-09,271.5376,96.0,120.0,2020-12-05
47.0,5.0,2020-12-10,270.51654,120.0,144.0,2020-12-05
47.0,5.0,2020-12-11,272.17557,144.0,168.0,2020-12-05
47.0,5.0,2020-12-12,279.9292,168.0,192.0,2020-12-05
47.0,5.0,2020-12-13,275.3625,192.0,216.0,2020-12-05
47.0,5.0,2020-12-14,274.94366,216.0,240.0,2020-12-05
47.0,5.0,2020-12-15,277.55194,240.0,264.0,2020-12-05
47.0,5.0,2020-12-16,275.71545,264.0,288.0,2020-12-05
47.0,5.0,2020-12-17,277.1209,288.0,312.0,2020-12-05
47.0,5.0,2020-12-18,279.27698,312.0,336.0,2020-12-05
47.0,5.0,2020-12-19,276.75565,336.0,360.0,2020-12-05
47.0,6.0,2020-12-05,271.54962,0.0,24.0,2020-12-05
47.0,6.0,2020-12-06,273.41367,24.0,48.0,2020-12-05
47.0,6.0,2020-12-07,270.38693,48.0,72.0,2020-12-05
47.0,6.0,2020-12-08,270.2559,72.0,96.0,2020-12-05
47.0,6.0,2020-12-09,268.3876,96.0,120.0,2020-12-05
47.0,6.0,2020-12-10,267.9076,120.0,144.0,2020-12-05
47.0,6.0,2020-12-11,270.56558,144.0,168.0,2020-12-05
47.0,6.0,2020-12-12,278.2042,168.0,192.0,2020-12-05
47.0,6.0,2020-12-13,273.6925,192.0,216.0,2020-12-05
47.0,6.0,2020-12-14,273.40366,216.0,240.0,2020-12-05
47.0,6.0,2020-12-15,277.38196,240.0,264.0,2020-12-05
47.0,6.0,2020-12-16,276.0,264.0,288.0,2020-12-05
47.0,6.0,2020-12-17,276.942,288.0,312.0,2020-12-05
47.0,6.0,2020-12-18,276.677,312.0,336.0,2020-12-05
47.0,6.0,2020-12-19,274.92566,336.0,360.0,2020-12-05
45.0,4.0,2020-12-06,268.94522,0.0,24.0,2020-12-06
45.0,4.0,2020-12-07,268.5373,24.0,48.0,2020-12-06
45.0,4.0,2020-12-08,269.27762,48.0,72.0,2020-12-06
45.0,4.0,2020-12-09,268.29593,72.0,96.0,2020-12-06
45.0,4.0,2020-12-10,268.64285,96.0,120.0,2020-12-06
45.0,4.0,2020-12-11,274.36597,120.0,144.0,2020-12-06
45.0,4.0,2020-12-12,273.79443,144.0,168.0,2020-12-06
45.0,4.0,2020-12-13,272.78784,168.0,192.0,2020-12-06
45.0,4.0,2020-12-14,277.88348,192.0,216.0,2020-12-06
45.0,4.0,2020-12-15,277.40997,216.0,240.0,2020-12-06
45.0,4.0,2020-12-16,278.34805,240.0,264.0,2020-12-06
45.0,4.0,2020-12-17,273.01736,264.0,288.0,2020-12-06
45.0,4.0,2020-12-18,272.43674,288.0,312.0,2020-12-06
45.0,4.0,2020-12-19,268.97736,312.0,336.0,2020-12-06
45.0,4.0,2020-12-20,267.83362,336.0,360.0,2020-12-06
45.0,5.0,2020-12-06,273.68863,0.0,24.0,2020-12-06
45.0,5.0,2020-12-07,273.91727,24.0,48.0,2020-12-06
45.0,5.0,2020-12-08,275.42764,48.0,72.0,2020-12-06
45.0,5.0,2020-12-09,273.52838,72.0,96.0,2020-12-06
45.0,5.0,2020-12-10,272.63272,96.0,120.0,2020-12-06
45.0,5.0,2020-12-11,276.9079,120.0,144.0,2020-12-06
45.0,5.0,2020-12-12,277.12445,144.0,168.0,2020-12-06
45.0,5.0,2020-12-13,275.94806,168.0,192.0,2020-12-06
45.0,5.0,2020-12-14,277.94586,192.0,216.0,2020-12-06
45.0,5.0,2020-12-15,278.32806,216.0,240.0,2020-12-06
45.0,5.0,2020-12-16,280.35565,240.0,264.0,2020-12-06
45.0,5.0,2020-12-17,278.14737,264.0,288.0,2020-12-06
45.0,5.0,2020-12-18,277.51672,288.0,312.0,2020-12-06
45.0,5.0,2020-12-19,273.63733,312.0,336.0,2020-12-06
45.0,5.0,2020-12-20,272.30362,336.0,360.0,2020-12-06
45.0,6.0,2020-12-06,265.61523,0.0,24.0,2020-12-06
45.0,6.0,2020-12-07,265.52167,24.0,48.0,2020-12-06
45.0,6.0,2020-12-08,264.6176,48.0,72.0,2020-12-06
45.0,6.0,2020-12-09,263.5784,72.0,96.0,2020-12-06
45.0,6.0,2020-12-10,263.45288,96.0,120.0,2020-12-06
45.0,6.0,2020-12-11,270.30597,120.0,144.0,2020-12-06
45.0,6.0,2020-12-12,267.21445,144.0,168.0,2020-12-06
45.0,6.0,2020-12-13,267.49783,168.0,192.0,2020-12-06
45.0,6.0,2020-12-14,273.56348,192.0,216.0,2020-12-06
45.0,6.0,2020-12-15,274.65808,216.0,240.0,2020-12-06
45.0,6.0,2020-12-16,274.15805,240.0,264.0,2020-12-06
45.0,6.0,2020-12-17,269.0774,264.0,288.0,2020-12-06
45.0,6.0,2020-12-18,266.43448,288.0,312.0,2020-12-06
45.0,6.0,2020-12-19,266.01474,312.0,336.0,2020-12-06
45.0,6.0,2020-12-20,265.6936,336.0,360.0,2020-12-06
46.0,4.0,2020-12-06,271.44864,0.0,24.0,2020-12-06
46.0,4.0,2020-12-07,272.89874,24.0,48.0,2020-12-06
46.0,4.0,2020-12-08,272.54703,48.0,72.0,2020-12-06
46.0,4.0,2020-12-09,271.3984,72.0,96.0,2020-12-06
46.0,4.0,2020-12-10,271.33286,96.0,120.0,2020-12-06
46.0,4.0,2020-12-11,275.16788,120.0,144.0,2020-12-06
46.0,4.0,2020-12-12,276.62445,144.0,168.0,2020-12-06
46.0,4.0,2020-12-13,275.67807,168.0,192.0,2020-12-06
46.0,4.0,2020-12-14,279.32294,192.0,216.0,2020-12-06
46.0,4.0,2020-12-15,278.31808,216.0,240.0,2020-12-06
46.0,4.0,2020-12-16,279.8452,240.0,264.0,2020-12-06
46.0,4.0,2020-12-17,275.99738,264.0,288.0,2020-12-06
46.0,4.0,2020-12-18,274.91446,288.0,312.0,2020-12-06
46.0,4.0,2020-12-19,271.23734,312.0,336.0,2020-12-06
46.0,4.0,2020-12-20,270.1907,336.0,360.0,2020-12-06
46.0,5.0,2020-12-06,273.58862,0.0,24.0,2020-12-06
46.0,5.0,2020-12-07,274.16165,24.0,48.0,2020-12-06
46.0,5.0,2020-12-08,273.98703,48.0,72.0,2020-12-06
46.0,5.0,2020-12-09,272.3484,72.0,96.0,2020-12-06
46.0,5.0,2020-12-10,272.43286,96.0,120.0,2020-12-06
46.0,5.0,2020-12-11,276.81787,120.0,144.0,2020-12-06
46.0,5.0,2020-12-12,278.0931,144.0,168.0,2020-12-06
46.0,5.0,2020-12-13,277.59784,168.0,192.0,2020-12-06
46.0,5.0,2020-12-14,277.88586,192.0,216.0,2020-12-06
46.0,5.0,2020-12-15,278.0481,216.0,240.0,2020-12-06
46.0,5.0,2020-12-16,279.78564,240.0,264.0,2020-12-06
46.0,5.0,2020-12-17,277.04736,264.0,288.0,2020-12-06
46.0,5.0,2020-12-18,277.16446,288.0,312.0,2020-12-06
46.0,5.0,2020-12-19,272.59735,312.0,336.0,2020-12-06
46.0,5.0,2020-12-20,271.53564,336.0,360.0,2020-12-06
46.0,6.0,2020-12-06,273.13217,0.0,24.0,2020-12-06
46.0,6.0,2020-12-07,271.38867,24.0,48.0,2020-12-06
46.0,6.0,2020-12-08,271.69702,48.0,72.0,2020-12-06
46.0,6.0,2020-12-09,269.89838,72.0,96.0,2020-12-06
46.0,6.0,2020-12-10,269.61285,96.0,120.0,2020-12-06
46.0,6.0,2020-12-11,273.38788,120.0,144.0,2020-12-06
46.0,6.0,2020-12-12,276.16446,144.0,168.0,2020-12-06
46.0,6.0,2020-12-13,273.06805,168.0,192.0,2020-12-06
46.0,6.0,2020-12-14,274.67584,192.0,216.0,2020-12-06
46.0,6.0,2020-12-15,275.1681,216.0,240.0,2020-12-06
46.0,6.0,2020-12-16,276.13565,240.0,264.0,2020-12-06
46.0,6.0,2020-12-17,274.93738,264.0,288.0,2020-12-06
46.0,6.0,2020-12-18,275.26672,288.0,312.0,2020-12-06
46.0,6.0,2020-12-19,273.5479,312.0,336.0,2020-12-06
46.0,6.0,2020-12-20,270.90765,336.0,360.0,2020-12-06
47.0,4.0,2020-12-06,271.68216,0.0,24.0,2020-12-06
47.0,4.0,2020-12-07,271.57867,24.0,48.0,2020-12-06
47.0,4.0,2020-12-08,272.28702,48.0,72.0,2020-12-06
47.0,4.0,2020-12-09,271.02838,72.0,96.0,2020-12-06
47.0,4.0,2020-12-10,272.27286,96.0,120.0,2020-12-06
47.0,4.0,2020-12-11,275.2079,120.0,144.0,2020-12-06
47.0,4.0,2020-12-12,276.48444,144.0,168.0,2020-12-06
47.0,4.0,2020-12-13,276.80783,168.0,192.0,2020-12-06
47.0,4.0,2020-12-14,279.32294,192.0,216.0,2020-12-06
47.0,4.0,2020-12-15,278.57806,216.0,240.0,2020-12-06
47.0,4.0,2020-12-16,279.30563,240.0,264.0,2020-12-06
47.0,4.0,2020-12-17,275.4774,264.0,288.0,2020-12-06
47.0,4.0,2020-12-18,275.65448,288.0,312.0,2020-12-06
47.0,4.0,2020-12-19,272.74734,312.0,336.0,2020-12-06
47.0,4.0,2020-12-20,271.50565,336.0,360.0,2020-12-06
47.0,5.0,2020-12-06,272.87216,0.0,24.0,2020-12-06
47.0,5.0,2020-12-07,272.82867,24.0,48.0,2020-12-06
47.0,5.0,2020-12-08,273.42703,48.0,72.0,2020-12-06
47.0,5.0,2020-12-09,272.2084,72.0,96.0,2020-12-06
47.0,5.0,2020-12-10,272.23273,96.0,120.0,2020-12-06
47.0,5.0,2020-12-11,274.9379,120.0,144.0,2020-12-06
47.0,5.0,2020-12-12,277.96445,144.0,168.0,2020-12-06
47.0,5.0,2020-12-13,277.81784,168.0,192.0,2020-12-06
47.0,5.0,2020-12-14,278.79294,192.0,216.0,2020-12-06
47.0,5.0,2020-12-15,277.01807,216.0,240.0,2020-12-06
47.0,5.0,2020-12-16,279.07523,240.0,264.0,2020-12-06
47.0,5.0,2020-12-17,277.5074,264.0,288.0,2020-12-06
47.0,5.0,2020-12-18,277.31445,288.0,312.0,2020-12-06
47.0,5.0,2020-12-19,274.10733,312.0,336.0,2020-12-06
47.0,5.0,2020-12-20,272.85565,336.0,360.0,2020-12-06
47.0,6.0,2020-12-06,273.37524,0.0,24.0,2020-12-06
47.0,6.0,2020-12-07,270.73868,24.0,48.0,2020-12-06
47.0,6.0,2020-12-08,272.00702,48.0,72.0,2020-12-06
47.0,6.0,2020-12-09,271.58838,72.0,96.0,2020-12-06
47.0,6.0,2020-12-10,269.43286,96.0,120.0,2020-12-06
47.0,6.0,2020-12-11,274.54788,120.0,144.0,2020-12-06
47.0,6.0,2020-12-12,277.06445,144.0,168.0,2020-12-06
47.0,6.0,2020-12-13,276.52783,168.0,192.0,2020-12-06
47.0,6.0,2020-12-14,278.80295,192.0,216.0,2020-12-06
47.0,6.0,2020-12-15,278.2881,216.0,240.0,2020-12-06
47.0,6.0,2020-12-16,279.37805,240.0,264.0,2020-12-06
47.0,6.0,2020-12-17,275.9474,264.0,288.0,2020-12-06
47.0,6.0,2020-12-18,275.07446,288.0,312.0,2020-12-06
47.0,6.0,2020-12-19,271.05734,312.0,336.0,2020-12-06
47.0,6.0,2020-12-20,270.79565,336.0,360.0,2020-12-06
45.0,4.0,2020-12-07,269.50168,0.0,24.0,2020-12-07
45.0,4.0,2020-12-08,269.20123,24.0,48.0,2020-12-07
45.0,4.0,2020-12-09,268.85397,48.0,72.0,2020-12-07
45.0,4.0,2020-12-10,268.92206,72.0,96.0,2020-12-07
45.0,4.0,2020-12-11,270.8593,96.0,120.0,2020-12-07
45.0,4.0,2020-12-12,272.53473,120.0,144.0,2020-12-07
45.0,4.0,2020-12-13,269.81967,144.0,168.0,2020-12-07
45.0,4.0,2020-12-14,273.25943,168.0,192.0,2020-12-07
45.0,4.0,2020-12-15,274.8661,192.0,216.0,2020-12-07
45.0,4.0,2020-12-16,275.9738,216.0,240.0,2020-12-07
45.0,4.0,2020-12-17,275.31543,240.0,264.0,2020-12-07
45.0,4.0,2020-12-18,276.84482,264.0,288.0,2020-12-07
45.0,4.0,2020-12-19,276.5926,288.0,312.0,2020-12-07
45.0,4.0,2020-12-20,276.29205,312.0,336.0,2020-12-07
45.0,4.0,2020-12-21,274.0953,336.0,360.0,2020-12-07
45.0,5.0,2020-12-07,273.63544,0.0,24.0,2020-12-07
45.0,5.0,2020-12-08,273.8366,24.0,48.0,2020-12-07
45.0,5.0,2020-12-09,272.67398,48.0,72.0,2020-12-07
45.0,5.0,2020-12-10,272.48206,72.0,96.0,2020-12-07
45.0,5.0,2020-12-11,273.26932,96.0,120.0,2020-12-07
45.0,5.0,2020-12-12,277.2512,120.0,144.0,2020-12-07
45.0,5.0,2020-12-13,275.37335,144.0,168.0,2020-12-07
45.0,5.0,2020-12-14,274.8793,168.0,192.0,2020-12-07
45.0,5.0,2020-12-15,277.5061,192.0,216.0,2020-12-07
45.0,5.0,2020-12-16,278.68597,216.0,240.0,2020-12-07
45.0,5.0,2020-12-17,279.95544,240.0,264.0,2020-12-07
45.0,5.0,2020-12-18,280.2348,264.0,288.0,2020-12-07
45.0,5.0,2020-12-19,280.04034,288.0,312.0,2020-12-07
45.0,5.0,2020-12-20,280.40207,312.0,336.0,2020-12-07
45.0,5.0,2020-12-21,278.7152,336.0,360.0,2020-12-07
45.0,6.0,2020-12-07,264.22543,0.0,24.0,2020-12-07
45.0,6.0,2020-12-08,265.22122,24.0,48.0,2020-12-07
45.0,6.0,2020-12-09,263.20398,48.0,72.0,2020-12-07
45.0,6.0,2020-12-10,264.13205,72.0,96.0,2020-12-07
45.0,6.0,2020-12-11,266.11932,96.0,120.0,2020-12-07
45.0,6.0,2020-12-12,269.56473,120.0,144.0,2020-12-07
45.0,6.0,2020-12-13,267.39563,144.0,168.0,2020-12-07
45.0,6.0,2020-12-14,269.78943,168.0,192.0,2020-12-07
45.0,6.0,2020-12-15,273.8061,192.0,216.0,2020-12-07
45.0,6.0,2020-12-16,275.44598,216.0,240.0,2020-12-07
45.0,6.0,2020-12-17,275.52295,240.0,264.0,2020-12-07
45.0,6.0,2020-12-18,272.78412,264.0,288.0,2020-12-07
45.0,6.0,2020-12-19,271.0426,288.0,312.0,2020-12-07
45.0,6.0,2020-12-20,271.7416,312.0,336.0,2020-12-07
45.0,6.0,2020-12-21,269.48532,336.0,360.0,2020-12-07
46.0,4.0,2020-12-07,272.8917,0.0,24.0,2020-12-07
46.0,4.0,2020-12-08,272.74777,24.0,48.0,2020-12-07
46.0,4.0,2020-12-09,271.61957,48.0,72.0,2020-12-07
46.0,4.0,2020-12-10,271.82205,72.0,96.0,2020-12-07
46.0,4.0,2020-12-11,273.62018,96.0,120.0,2020-12-07
46.0,4.0,2020-12-12,277.4747,120.0,144.0,2020-12-07
46.0,4.0,2020-12-13,274.1797,144.0,168.0,2020-12-07
46.0,4.0,2020-12-14,275.6994,168.0,192.0,2020-12-07
46.0,4.0,2020-12-15,276.8661,192.0,216.0,2020-12-07
46.0,4.0,2020-12-16,277.636,216.0,240.0,2020-12-07
46.0,4.0,2020-12-17,277.68738,240.0,264.0,2020-12-07
46.0,4.0,2020-12-18,279.42413,264.0,288.0,2020-12-07
46.0,4.0,2020-12-19,278.3526,288.0,312.0,2020-12-07
46.0,4.0,2020-12-20,277.9545,312.0,336.0,2020-12-07
46.0,4.0,2020-12-21,277.17532,336.0,360.0,2020-12-07
46.0,5.0,2020-12-07,274.22168,0.0,24.0,2020-12-07
46.0,5.0,2020-12-08,273.5166,24.0,48.0,2020-12-07
46.0,5.0,2020-12-09,272.91397,48.0,72.0,2020-12-07
46.0,5.0,2020-12-10,272.40204,72.0,96.0,2020-12-07
46.0,5.0,2020-12-11,273.47015,96.0,120.0,2020-12-07
46.0,5.0,2020-12-12,277.5012,120.0,144.0,2020-12-07
46.0,5.0,2020-12-13,275.66336,144.0,168.0,2020-12-07
46.0,5.0,2020-12-14,275.1493,168.0,192.0,2020-12-07
46.0,5.0,2020-12-15,277.8771,192.0,216.0,2020-12-07
46.0,5.0,2020-12-16,278.74597,216.0,240.0,2020-12-07
46.0,5.0,2020-12-17,280.78735,240.0,264.0,2020-12-07
46.0,5.0,2020-12-18,280.74887,264.0,288.0,2020-12-07
46.0,5.0,2020-12-19,279.7526,288.0,312.0,2020-12-07
46.0,5.0,2020-12-20,279.2145,312.0,336.0,2020-12-07
46.0,5.0,2020-12-21,279.0653,336.0,360.0,2020-12-07
46.0,6.0,2020-12-07,271.9369,0.0,24.0,2020-12-07
46.0,6.0,2020-12-08,270.2978,24.0,48.0,2020-12-07
46.0,6.0,2020-12-09,269.17398,48.0,72.0,2020-12-07
46.0,6.0,2020-12-10,269.33206,72.0,96.0,2020-12-07
46.0,6.0,2020-12-11,270.19934,96.0,120.0,2020-12-07
46.0,6.0,2020-12-12,275.0712,120.0,144.0,2020-12-07
46.0,6.0,2020-12-13,272.44336,144.0,168.0,2020-12-07
46.0,6.0,2020-12-14,272.47943,168.0,192.0,2020-12-07
46.0,6.0,2020-12-15,273.74713,192.0,216.0,2020-12-07
46.0,6.0,2020-12-16,275.456,216.0,240.0,2020-12-07
46.0,6.0,2020-12-17,275.77545,240.0,264.0,2020-12-07
46.0,6.0,2020-12-18,276.74414,264.0,288.0,2020-12-07
46.0,6.0,2020-12-19,275.0126,288.0,312.0,2020-12-07
46.0,6.0,2020-12-20,277.16162,312.0,336.0,2020-12-07
46.0,6.0,2020-12-21,275.6252,336.0,360.0,2020-12-07
47.0,4.0,2020-12-07,273.23688,0.0,24.0,2020-12-07
47.0,4.0,2020-12-08,273.3866,24.0,48.0,2020-12-07
47.0,4.0,2020-12-09,270.02957,48.0,72.0,2020-12-07
47.0,4.0,2020-12-10,272.4997,72.0,96.0,2020-12-07
47.0,4.0,2020-12-11,276.20016,96.0,120.0,2020-12-07
47.0,4.0,2020-12-12,278.2047,120.0,144.0,2020-12-07
47.0,4.0,2020-12-13,274.25336,144.0,168.0,2020-12-07
47.0,4.0,2020-12-14,276.1093,168.0,192.0,2020-12-07
47.0,4.0,2020-12-15,276.4761,192.0,216.0,2020-12-07
47.0,4.0,2020-12-16,277.79556,216.0,240.0,2020-12-07
47.0,4.0,2020-12-17,277.55737,240.0,264.0,2020-12-07
47.0,4.0,2020-12-18,278.74185,264.0,288.0,2020-12-07
47.0,4.0,2020-12-19,278.44516,288.0,312.0,2020-12-07
47.0,4.0,2020-12-20,277.4245,312.0,336.0,2020-12-07
47.0,4.0,2020-12-21,277.48532,336.0,360.0,2020-12-07
47.0,5.0,2020-12-07,273.40167,0.0,24.0,2020-12-07
47.0,5.0,2020-12-08,273.84662,24.0,48.0,2020-12-07
47.0,5.0,2020-12-09,273.24338,48.0,72.0,2020-12-07
47.0,5.0,2020-12-10,272.28204,72.0,96.0,2020-12-07
47.0,5.0,2020-12-11,275.04932,96.0,120.0,2020-12-07
47.0,5.0,2020-12-12,278.0412,120.0,144.0,2020-12-07
47.0,5.0,2020-12-13,275.50336,144.0,168.0,2020-12-07
47.0,5.0,2020-12-14,275.52942,168.0,192.0,2020-12-07
47.0,5.0,2020-12-15,277.5961,192.0,216.0,2020-12-07
47.0,5.0,2020-12-16,277.136,216.0,240.0,2020-12-07
47.0,5.0,2020-12-17,278.82544,240.0,264.0,2020-12-07
47.0,5.0,2020-12-18,280.90186,264.0,288.0,2020-12-07
47.0,5.0,2020-12-19,279.98517,288.0,312.0,2020-12-07
47.0,5.0,2020-12-20,279.37207,312.0,336.0,2020-12-07
47.0,5.0,2020-12-21,279.09732,336.0,360.0,2020-12-07
47.0,6.0,2020-12-07,271.22687,0.0,24.0,2020-12-07
47.0,6.0,2020-12-08,271.91663,24.0,48.0,2020-12-07
47.0,6.0,2020-12-09,270.56396,48.0,72.0,2020-12-07
47.0,6.0,2020-12-10,269.26205,72.0,96.0,2020-12-07
47.0,6.0,2020-12-11,272.55933,96.0,120.0,2020-12-07
47.0,6.0,2020-12-12,277.3147,120.0,144.0,2020-12-07
47.0,6.0,2020-12-13,273.28336,144.0,168.0,2020-12-07
47.0,6.0,2020-12-14,273.62943,168.0,192.0,2020-12-07
47.0,6.0,2020-12-15,277.01712,192.0,216.0,2020-12-07
47.0,6.0,2020-12-16,278.276,216.0,240.0,2020-12-07
47.0,6.0,2020-12-17,278.67545,240.0,264.0,2020-12-07
47.0,6.0,2020-12-18,279.58414,264.0,288.0,2020-12-07
47.0,6.0,2020-12-19,279.14032,288.0,312.0,2020-12-07
47.0,6.0,2020-12-20,278.20206,312.0,336.0,2020-12-07
47.0,6.0,2020-12-21,277.16522,336.0,360.0,2020-12-07
45.0,4.0,2020-12-08,269.71564,0.0,24.0,2020-12-08
45.0,4.0,2020-12-09,269.76562,24.0,48.0,2020-12-08
45.0,4.0,2020-12-10,268.62366,48.0,72.0,2020-12-08
45.0,4.0,2020-12-11,274.84143,72.0,96.0,2020-12-08
45.0,4.0,2020-12-12,274.78116,96.0,120.0,2020-12-08
45.0,4.0,2020-12-13,271.80753,120.0,144.0,2020-12-08
45.0,4.0,2020-12-14,273.3094,144.0,168.0,2020-12-08
45.0,4.0,2020-12-15,276.47073,168.0,192.0,2020-12-08
45.0,4.0,2020-12-16,276.43692,192.0,216.0,2020-12-08
45.0,4.0,2020-12-17,276.17493,216.0,240.0,2020-12-08
45.0,4.0,2020-12-18,274.43204,240.0,264.0,2020-12-08
45.0,4.0,2020-12-19,274.44202,264.0,288.0,2020-12-08
45.0,4.0,2020-12-20,276.92484,288.0,312.0,2020-12-08
45.0,4.0,2020-12-21,276.89716,312.0,336.0,2020-12-08
45.0,4.0,2020-12-22,275.88174,336.0,360.0,2020-12-08
45.0,5.0,2020-12-08,275.63562,0.0,24.0,2020-12-08
45.0,5.0,2020-12-09,272.45563,24.0,48.0,2020-12-08
45.0,5.0,2020-12-10,272.02368,48.0,72.0,2020-12-08
45.0,5.0,2020-12-11,274.20264,72.0,96.0,2020-12-08
45.0,5.0,2020-12-12,277.89954,96.0,120.0,2020-12-08
45.0,5.0,2020-12-13,275.90753,120.0,144.0,2020-12-08
45.0,5.0,2020-12-14,275.2794,144.0,168.0,2020-12-08
45.0,5.0,2020-12-15,280.42072,168.0,192.0,2020-12-08
45.0,5.0,2020-12-16,280.563,192.0,216.0,2020-12-08
45.0,5.0,2020-12-17,279.05377,216.0,240.0,2020-12-08
45.0,5.0,2020-12-18,277.56204,240.0,264.0,2020-12-08
45.0,5.0,2020-12-19,276.19855,264.0,288.0,2020-12-08
45.0,5.0,2020-12-20,277.50482,288.0,312.0,2020-12-08
45.0,5.0,2020-12-21,277.6399,312.0,336.0,2020-12-08
45.0,5.0,2020-12-22,276.6172,336.0,360.0,2020-12-08
45.0,6.0,2020-12-08,266.0956,0.0,24.0,2020-12-08
45.0,6.0,2020-12-09,262.33563,24.0,48.0,2020-12-08
45.0,6.0,2020-12-10,263.95367,48.0,72.0,2020-12-08
45.0,6.0,2020-12-11,266.09265,72.0,96.0,2020-12-08
45.0,6.0,2020-12-12,269.60114,96.0,120.0,2020-12-08
45.0,6.0,2020-12-13,267.38556,120.0,144.0,2020-12-08
45.0,6.0,2020-12-14,269.6394,144.0,168.0,2020-12-08
45.0,6.0,2020-12-15,273.68073,168.0,192.0,2020-12-08
45.0,6.0,2020-12-16,273.61694,192.0,216.0,2020-12-08
45.0,6.0,2020-12-17,271.3338,216.0,240.0,2020-12-08
45.0,6.0,2020-12-18,270.71475,240.0,264.0,2020-12-08
45.0,6.0,2020-12-19,272.30203,264.0,288.0,2020-12-08
45.0,6.0,2020-12-20,272.17477,288.0,312.0,2020-12-08
45.0,6.0,2020-12-21,271.32715,312.0,336.0,2020-12-08
45.0,6.0,2020-12-22,271.02173,336.0,360.0,2020-12-08
46.0,4.0,2020-12-08,273.4956,0.0,24.0,2020-12-08
46.0,4.0,2020-12-09,273.43585,24.0,48.0,2020-12-08
46.0,4.0,2020-12-10,271.68365,48.0,72.0,2020-12-08
46.0,4.0,2020-12-11,275.50262,72.0,96.0,2020-12-08
46.0,4.0,2020-12-12,277.56116,96.0,120.0,2020-12-08
46.0,4.0,2020-12-13,274.94754,120.0,144.0,2020-12-08
46.0,4.0,2020-12-14,274.7594,144.0,168.0,2020-12-08
46.0,4.0,2020-12-15,277.37073,168.0,192.0,2020-12-08
46.0,4.0,2020-12-16,278.90823,192.0,216.0,2020-12-08
46.0,4.0,2020-12-17,278.75378,216.0,240.0,2020-12-08
46.0,4.0,2020-12-18,275.59204,240.0,264.0,2020-12-08
46.0,4.0,2020-12-19,275.33203,264.0,288.0,2020-12-08
46.0,4.0,2020-12-20,277.56216,288.0,312.0,2020-12-08
46.0,4.0,2020-12-21,277.3099,312.0,336.0,2020-12-08
46.0,4.0,2020-12-22,276.03174,336.0,360.0,2020-12-08
46.0,5.0,2020-12-08,274.4356,0.0,24.0,2020-12-08
46.0,5.0,2020-12-09,272.78586,24.0,48.0,2020-12-08
46.0,5.0,2020-12-10,271.47736,48.0,72.0,2020-12-08
46.0,5.0,2020-12-11,274.50262,72.0,96.0,2020-12-08
46.0,5.0,2020-12-12,277.9395,96.0,120.0,2020-12-08
46.0,5.0,2020-12-13,276.17755,120.0,144.0,2020-12-08
46.0,5.0,2020-12-14,275.2407,144.0,168.0,2020-12-08
46.0,5.0,2020-12-15,278.5307,168.0,192.0,2020-12-08
46.0,5.0,2020-12-16,279.82693,192.0,216.0,2020-12-08
46.0,5.0,2020-12-17,279.1638,216.0,240.0,2020-12-08
46.0,5.0,2020-12-18,276.99203,240.0,264.0,2020-12-08
46.0,5.0,2020-12-19,275.87854,264.0,288.0,2020-12-08
46.0,5.0,2020-12-20,275.64215,288.0,312.0,2020-12-08
46.0,5.0,2020-12-21,276.07715,312.0,336.0,2020-12-08
46.0,5.0,2020-12-22,274.0635,336.0,360.0,2020-12-08
46.0,6.0,2020-12-08,270.7146,0.0,24.0,2020-12-08
46.0,6.0,2020-12-09,269.29562,24.0,48.0,2020-12-08
46.0,6.0,2020-12-10,269.00366,48.0,72.0,2020-12-08
46.0,6.0,2020-12-11,270.26263,72.0,96.0,2020-12-08
46.0,6.0,2020-12-12,275.27954,96.0,120.0,2020-12-08
46.0,6.0,2020-12-13,273.44754,120.0,144.0,2020-12-08
46.0,6.0,2020-12-14,273.01938,144.0,168.0,2020-12-08
46.0,6.0,2020-12-15,274.3507,168.0,192.0,2020-12-08
46.0,6.0,2020-12-16,276.37823,192.0,216.0,2020-12-08
46.0,6.0,2020-12-17,277.4892,216.0,240.0,2020-12-08
46.0,6.0,2020-12-18,276.96475,240.0,264.0,2020-12-08
46.0,6.0,2020-12-19,275.71204,264.0,288.0,2020-12-08
46.0,6.0,2020-12-20,274.81216,288.0,312.0,2020-12-08
46.0,6.0,2020-12-21,275.00717,312.0,336.0,2020-12-08
46.0,6.0,2020-12-22,273.7972,336.0,360.0,2020-12-08
47.0,4.0,2020-12-08,271.04562,0.0,24.0,2020-12-08
47.0,4.0,2020-12-09,272.01587,24.0,48.0,2020-12-08
47.0,4.0,2020-12-10,270.81735,48.0,72.0,2020-12-08
47.0,4.0,2020-12-11,273.72263,72.0,96.0,2020-12-08
47.0,4.0,2020-12-12,277.96954,96.0,120.0,2020-12-08
47.0,4.0,2020-12-13,274.97754,120.0,144.0,2020-12-08
47.0,4.0,2020-12-14,274.8807,144.0,168.0,2020-12-08
47.0,4.0,2020-12-15,276.24072,168.0,192.0,2020-12-08
47.0,4.0,2020-12-16,278.263,192.0,216.0,2020-12-08
47.0,4.0,2020-12-17,276.58377,216.0,240.0,2020-12-08
47.0,4.0,2020-12-18,274.73474,240.0,264.0,2020-12-08
47.0,4.0,2020-12-19,275.67203,264.0,288.0,2020-12-08
47.0,4.0,2020-12-20,275.88217,288.0,312.0,2020-12-08
47.0,4.0,2020-12-21,275.9999,312.0,336.0,2020-12-08
47.0,4.0,2020-12-22,274.1072,336.0,360.0,2020-12-08
47.0,5.0,2020-12-08,273.0356,0.0,24.0,2020-12-08
47.0,5.0,2020-12-09,272.10587,24.0,48.0,2020-12-08
47.0,5.0,2020-12-10,271.93365,48.0,72.0,2020-12-08
47.0,5.0,2020-12-11,273.80264,72.0,96.0,2020-12-08
47.0,5.0,2020-12-12,278.1895,96.0,120.0,2020-12-08
47.0,5.0,2020-12-13,275.86752,120.0,144.0,2020-12-08
47.0,5.0,2020-12-14,275.1507,144.0,168.0,2020-12-08
47.0,5.0,2020-12-15,277.11072,168.0,192.0,2020-12-08
47.0,5.0,2020-12-16,279.67822,192.0,216.0,2020-12-08
47.0,5.0,2020-12-17,278.65378,216.0,240.0,2020-12-08
47.0,5.0,2020-12-18,276.26205,240.0,264.0,2020-12-08
47.0,5.0,2020-12-19,276.24854,264.0,288.0,2020-12-08
47.0,5.0,2020-12-20,274.81216,288.0,312.0,2020-12-08
47.0,5.0,2020-12-21,274.9199,312.0,336.0,2020-12-08
47.0,5.0,2020-12-22,272.5272,336.0,360.0,2020-12-08
47.0,6.0,2020-12-08,273.18753,0.0,24.0,2020-12-08
47.0,6.0,2020-12-09,269.82562,24.0,48.0,2020-12-08
47.0,6.0,2020-12-10,268.81366,48.0,72.0,2020-12-08
47.0,6.0,2020-12-11,271.29263,72.0,96.0,2020-12-08
47.0,6.0,2020-12-12,276.94952,96.0,120.0,2020-12-08
47.0,6.0,2020-12-13,273.94754,120.0,144.0,2020-12-08
47.0,6.0,2020-12-14,273.98938,144.0,168.0,2020-12-08
47.0,6.0,2020-12-15,277.0307,168.0,192.0,2020-12-08
47.0,6.0,2020-12-16,278.57825,192.0,216.0,2020-12-08
47.0,6.0,2020-12-17,276.75378,216.0,240.0,2020-12-08
47.0,6.0,2020-12-18,275.27203,240.0,264.0,2020-12-08
47.0,6.0,2020-12-19,275.20203,264.0,288.0,2020-12-08
47.0,6.0,2020-12-20,275.51218,288.0,312.0,2020-12-08
47.0,6.0,2020-12-21,275.43716,312.0,336.0,2020-12-08
47.0,6.0,2020-12-22,273.5272,336.0,360.0,2020-12-08
45.0,4.0,2020-12-09,270.02844,0.0,24.0,2020-12-09
45.0,4.0,2020-12-10,268.60208,24.0,48.0,2020-12-09
45.0,4.0,2020-12-11,274.38077,48.0,72.0,2020-12-09
45.0,4.0,2020-12-12,272.36328,72.0,96.0,2020-12-09
45.0,4.0,2020-12-13,269.00766,96.0,120.0,2020-12-09
45.0,4.0,2020-12-14,275.2471,120.0,144.0,2020-12-09
45.0,4.0,2020-12-15,274.30698,144.0,168.0,2020-12-09
45.0,4.0,2020-12-16,273.6489,168.0,192.0,2020-12-09
45.0,4.0,2020-12-17,274.5098,192.0,216.0,2020-12-09
45.0,4.0,2020-12-18,272.9511,216.0,240.0,2020-12-09
45.0,4.0,2020-12-19,270.41113,240.0,264.0,2020-12-09
45.0,4.0,2020-12-20,269.5844,264.0,288.0,2020-12-09
45.0,4.0,2020-12-21,275.83368,288.0,312.0,2020-12-09
45.0,4.0,2020-12-22,274.95435,312.0,336.0,2020-12-09
45.0,4.0,2020-12-23,269.99515,336.0,360.0,2020-12-09
45.0,5.0,2020-12-09,272.78558,0.0,24.0,2020-12-09
45.0,5.0,2020-12-10,272.16208,24.0,48.0,2020-12-09
45.0,5.0,2020-12-11,274.39078,48.0,72.0,2020-12-09
45.0,5.0,2020-12-12,278.0302,72.0,96.0,2020-12-09
45.0,5.0,2020-12-13,275.53766,96.0,120.0,2020-12-09
45.0,5.0,2020-12-14,277.20953,120.0,144.0,2020-12-09
45.0,5.0,2020-12-15,279.75848,144.0,168.0,2020-12-09
45.0,5.0,2020-12-16,279.22888,168.0,192.0,2020-12-09
45.0,5.0,2020-12-17,279.0798,192.0,216.0,2020-12-09
45.0,5.0,2020-12-18,278.52112,216.0,240.0,2020-12-09
45.0,5.0,2020-12-19,275.96112,240.0,264.0,2020-12-09
45.0,5.0,2020-12-20,273.7644,264.0,288.0,2020-12-09
45.0,5.0,2020-12-21,275.31317,288.0,312.0,2020-12-09
45.0,5.0,2020-12-22,278.22086,312.0,336.0,2020-12-09
45.0,5.0,2020-12-23,274.15515,336.0,360.0,2020-12-09
45.0,6.0,2020-12-09,262.32556,0.0,24.0,2020-12-09
45.0,6.0,2020-12-10,263.84207,24.0,48.0,2020-12-09
45.0,6.0,2020-12-11,266.44077,48.0,72.0,2020-12-09
45.0,6.0,2020-12-12,268.5733,72.0,96.0,2020-12-09
45.0,6.0,2020-12-13,265.99765,96.0,120.0,2020-12-09
45.0,6.0,2020-12-14,272.45953,120.0,144.0,2020-12-09
45.0,6.0,2020-12-15,271.95703,144.0,168.0,2020-12-09
45.0,6.0,2020-12-16,272.8989,168.0,192.0,2020-12-09
45.0,6.0,2020-12-17,273.24548,192.0,216.0,2020-12-09
45.0,6.0,2020-12-18,272.4787,216.0,240.0,2020-12-09
45.0,6.0,2020-12-19,264.13113,240.0,264.0,2020-12-09
45.0,6.0,2020-12-20,264.86688,264.0,288.0,2020-12-09
45.0,6.0,2020-12-21,270.57318,288.0,312.0,2020-12-09
45.0,6.0,2020-12-22,270.7291,312.0,336.0,2020-12-09
45.0,6.0,2020-12-23,265.57358,336.0,360.0,2020-12-09
46.0,4.0,2020-12-09,272.44305,0.0,24.0,2020-12-09
46.0,4.0,2020-12-10,272.9521,24.0,48.0,2020-12-09
46.0,4.0,2020-12-11,275.32077,48.0,72.0,2020-12-09
46.0,4.0,2020-12-12,275.76328,72.0,96.0,2020-12-09
46.0,4.0,2020-12-13,272.80768,96.0,120.0,2020-12-09
46.0,4.0,2020-12-14,277.3995,120.0,144.0,2020-12-09
46.0,4.0,2020-12-15,275.71848,144.0,168.0,2020-12-09
46.0,4.0,2020-12-16,275.09888,168.0,192.0,2020-12-09
46.0,4.0,2020-12-17,275.27548,192.0,216.0,2020-12-09
46.0,4.0,2020-12-18,274.60114,216.0,240.0,2020-12-09
46.0,4.0,2020-12-19,273.31116,240.0,264.0,2020-12-09
46.0,4.0,2020-12-20,272.5569,264.0,288.0,2020-12-09
46.0,4.0,2020-12-21,275.13318,288.0,312.0,2020-12-09
46.0,4.0,2020-12-22,278.50433,312.0,336.0,2020-12-09
46.0,4.0,2020-12-23,272.44513,336.0,360.0,2020-12-09
46.0,5.0,2020-12-09,273.40558,0.0,24.0,2020-12-09
46.0,5.0,2020-12-10,272.1421,24.0,48.0,2020-12-09
46.0,5.0,2020-12-11,274.92078,48.0,72.0,2020-12-09
46.0,5.0,2020-12-12,277.4702,72.0,96.0,2020-12-09
46.0,5.0,2020-12-13,274.74768,96.0,120.0,2020-12-09
46.0,5.0,2020-12-14,277.0295,120.0,144.0,2020-12-09
46.0,5.0,2020-12-15,278.9785,144.0,168.0,2020-12-09
46.0,5.0,2020-12-16,276.91888,168.0,192.0,2020-12-09
46.0,5.0,2020-12-17,278.1098,192.0,216.0,2020-12-09
46.0,5.0,2020-12-18,276.46112,216.0,240.0,2020-12-09
46.0,5.0,2020-12-19,276.08115,240.0,264.0,2020-12-09
46.0,5.0,2020-12-20,273.7744,264.0,288.0,2020-12-09
46.0,5.0,2020-12-21,274.66318,288.0,312.0,2020-12-09
46.0,5.0,2020-12-22,277.42435,312.0,336.0,2020-12-09
46.0,5.0,2020-12-23,273.47513,336.0,360.0,2020-12-09
46.0,6.0,2020-12-09,268.41556,0.0,24.0,2020-12-09
46.0,6.0,2020-12-10,268.22208,24.0,48.0,2020-12-09
46.0,6.0,2020-12-11,270.46075,48.0,72.0,2020-12-09
46.0,6.0,2020-12-12,275.2602,72.0,96.0,2020-12-09
46.0,6.0,2020-12-13,273.93356,96.0,120.0,2020-12-09
46.0,6.0,2020-12-14,273.54953,120.0,144.0,2020-12-09
46.0,6.0,2020-12-15,275.94745,144.0,168.0,2020-12-09
46.0,6.0,2020-12-16,275.53934,168.0,192.0,2020-12-09
46.0,6.0,2020-12-17,275.35547,192.0,216.0,2020-12-09
46.0,6.0,2020-12-18,276.6311,216.0,240.0,2020-12-09
46.0,6.0,2020-12-19,272.18115,240.0,264.0,2020-12-09
46.0,6.0,2020-12-20,271.4144,264.0,288.0,2020-12-09
46.0,6.0,2020-12-21,272.98315,288.0,312.0,2020-12-09
46.0,6.0,2020-12-22,276.52786,312.0,336.0,2020-12-09
46.0,6.0,2020-12-23,272.90515,336.0,360.0,2020-12-09
47.0,4.0,2020-12-09,270.58307,0.0,24.0,2020-12-09
47.0,4.0,2020-12-10,273.48306,24.0,48.0,2020-12-09
47.0,4.0,2020-12-11,276.44077,48.0,72.0,2020-12-09
47.0,4.0,2020-12-12,275.98328,72.0,96.0,2020-12-09
47.0,4.0,2020-12-13,275.36768,96.0,120.0,2020-12-09
47.0,4.0,2020-12-14,276.25952,120.0,144.0,2020-12-09
47.0,4.0,2020-12-15,275.77698,144.0,168.0,2020-12-09
47.0,4.0,2020-12-16,274.5889,168.0,192.0,2020-12-09
47.0,4.0,2020-12-17,274.46548,192.0,216.0,2020-12-09
47.0,4.0,2020-12-18,274.53113,216.0,240.0,2020-12-09
47.0,4.0,2020-12-19,273.20114,240.0,264.0,2020-12-09
47.0,4.0,2020-12-20,272.17688,264.0,288.0,2020-12-09
47.0,4.0,2020-12-21,274.51318,288.0,312.0,2020-12-09
47.0,4.0,2020-12-22,276.62433,312.0,336.0,2020-12-09
47.0,4.0,2020-12-23,272.12515,336.0,360.0,2020-12-09
47.0,5.0,2020-12-09,272.31305,0.0,24.0,2020-12-09
47.0,5.0,2020-12-10,272.10306,24.0,48.0,2020-12-09
47.0,5.0,2020-12-11,275.88077,48.0,72.0,2020-12-09
47.0,5.0,2020-12-12,278.42328,72.0,96.0,2020-12-09
47.0,5.0,2020-12-13,274.60767,96.0,120.0,2020-12-09
47.0,5.0,2020-12-14,276.6795,120.0,144.0,2020-12-09
47.0,5.0,2020-12-15,277.52698,144.0,168.0,2020-12-09
47.0,5.0,2020-12-16,275.8189,168.0,192.0,2020-12-09
47.0,5.0,2020-12-17,275.64548,192.0,216.0,2020-12-09
47.0,5.0,2020-12-18,275.35114,216.0,240.0,2020-12-09
47.0,5.0,2020-12-19,274.86115,240.0,264.0,2020-12-09
47.0,5.0,2020-12-20,273.6044,264.0,288.0,2020-12-09
47.0,5.0,2020-12-21,273.87317,288.0,312.0,2020-12-09
47.0,5.0,2020-12-22,277.97433,312.0,336.0,2020-12-09
47.0,5.0,2020-12-23,274.02515,336.0,360.0,2020-12-09
47.0,6.0,2020-12-09,269.4456,0.0,24.0,2020-12-09
47.0,6.0,2020-12-10,269.19208,24.0,48.0,2020-12-09
47.0,6.0,2020-12-11,273.95078,48.0,72.0,2020-12-09
47.0,6.0,2020-12-12,276.8433,72.0,96.0,2020-12-09
47.0,6.0,2020-12-13,274.49765,96.0,120.0,2020-12-09
47.0,6.0,2020-12-14,276.70953,120.0,144.0,2020-12-09
47.0,6.0,2020-12-15,277.2685,144.0,168.0,2020-12-09
47.0,6.0,2020-12-16,275.1789,168.0,192.0,2020-12-09
47.0,6.0,2020-12-17,276.4055,192.0,216.0,2020-12-09
47.0,6.0,2020-12-18,275.2611,216.0,240.0,2020-12-09
47.0,6.0,2020-12-19,273.55115,240.0,264.0,2020-12-09
47.0,6.0,2020-12-20,272.1244,264.0,288.0,2020-12-09
47.0,6.0,2020-12-21,274.59317,288.0,312.0,2020-12-09
47.0,6.0,2020-12-22,276.71436,312.0,336.0,2020-12-09
47.0,6.0,2020-12-23,272.11514,336.0,360.0,2020-12-09
45.0,4.0,2020-12-10,268.39764,0.0,24.0,2020-12-10
45.0,4.0,2020-12-11,272.77148,24.0,48.0,2020-12-10
45.0,4.0,2020-12-12,272.98868,48.0,72.0,2020-12-10
45.0,4.0,2020-12-13,269.03265,72.0,96.0,2020-12-10
45.0,4.0,2020-12-14,275.12512,96.0,120.0,2020-12-10
45.0,4.0,2020-12-15,272.6052,120.0,144.0,2020-12-10
45.0,4.0,2020-12-16,272.37958,144.0,168.0,2020-12-10
45.0,4.0,2020-12-17,271.7213,168.0,192.0,2020-12-10
45.0,4.0,2020-12-18,271.44113,192.0,216.0,2020-12-10
45.0,4.0,2020-12-19,272.15158,216.0,240.0,2020-12-10
45.0,4.0,2020-12-20,274.57074,240.0,264.0,2020-12-10
45.0,4.0,2020-12-21,272.35095,264.0,288.0,2020-12-10
45.0,4.0,2020-12-22,274.09875,288.0,312.0,2020-12-10
45.0,4.0,2020-12-23,276.31805,312.0,336.0,2020-12-10
45.0,4.0,2020-12-24,274.1682,336.0,360.0,2020-12-10
45.0,5.0,2020-12-10,271.96765,0.0,24.0,2020-12-10
45.0,5.0,2020-12-11,274.39148,24.0,48.0,2020-12-10
45.0,5.0,2020-12-12,278.01382,48.0,72.0,2020-12-10
45.0,5.0,2020-12-13,275.27264,72.0,96.0,2020-12-10
45.0,5.0,2020-12-14,275.79288,96.0,120.0,2020-12-10
45.0,5.0,2020-12-15,277.7552,120.0,144.0,2020-12-10
45.0,5.0,2020-12-16,277.02957,144.0,168.0,2020-12-10
45.0,5.0,2020-12-17,276.08133,168.0,192.0,2020-12-10
45.0,5.0,2020-12-18,274.88132,192.0,216.0,2020-12-10
45.0,5.0,2020-12-19,275.18158,216.0,240.0,2020-12-10
45.0,5.0,2020-12-20,276.69775,240.0,264.0,2020-12-10
45.0,5.0,2020-12-21,276.19095,264.0,288.0,2020-12-10
45.0,5.0,2020-12-22,276.32874,288.0,312.0,2020-12-10
45.0,5.0,2020-12-23,278.52753,312.0,336.0,2020-12-10
45.0,5.0,2020-12-24,279.07822,336.0,360.0,2020-12-10
45.0,6.0,2020-12-10,263.61765,0.0,24.0,2020-12-10
45.0,6.0,2020-12-11,266.6815,24.0,48.0,2020-12-10
45.0,6.0,2020-12-12,265.75867,48.0,72.0,2020-12-10
45.0,6.0,2020-12-13,266.01263,72.0,96.0,2020-12-10
45.0,6.0,2020-12-14,270.23288,96.0,120.0,2020-12-10
45.0,6.0,2020-12-15,271.12518,120.0,144.0,2020-12-10
45.0,6.0,2020-12-16,269.43033,144.0,168.0,2020-12-10
45.0,6.0,2020-12-17,268.27133,168.0,192.0,2020-12-10
45.0,6.0,2020-12-18,266.33115,192.0,216.0,2020-12-10
45.0,6.0,2020-12-19,267.87222,216.0,240.0,2020-12-10
45.0,6.0,2020-12-20,269.34668,240.0,264.0,2020-12-10
45.0,6.0,2020-12-21,266.58096,264.0,288.0,2020-12-10
45.0,6.0,2020-12-22,266.92874,288.0,312.0,2020-12-10
45.0,6.0,2020-12-23,270.67752,312.0,336.0,2020-12-10
45.0,6.0,2020-12-24,268.14822,336.0,360.0,2020-12-10
46.0,4.0,2020-12-10,272.44766,0.0,24.0,2020-12-10
46.0,4.0,2020-12-11,274.6415,24.0,48.0,2020-12-10
46.0,4.0,2020-12-12,274.90866,48.0,72.0,2020-12-10
46.0,4.0,2020-12-13,273.00266,72.0,96.0,2020-12-10
46.0,4.0,2020-12-14,275.7829,96.0,120.0,2020-12-10
46.0,4.0,2020-12-15,275.6452,120.0,144.0,2020-12-10
46.0,4.0,2020-12-16,274.37958,144.0,168.0,2020-12-10
46.0,4.0,2020-12-17,274.9013,168.0,192.0,2020-12-10
46.0,4.0,2020-12-18,273.31332,192.0,216.0,2020-12-10
46.0,4.0,2020-12-19,272.77158,216.0,240.0,2020-12-10
46.0,4.0,2020-12-20,276.39774,240.0,264.0,2020-12-10
46.0,4.0,2020-12-21,275.41095,264.0,288.0,2020-12-10
46.0,4.0,2020-12-22,276.37875,288.0,312.0,2020-12-10
46.0,4.0,2020-12-23,278.25485,312.0,336.0,2020-12-10
46.0,4.0,2020-12-24,277.58823,336.0,360.0,2020-12-10
46.0,5.0,2020-12-10,271.80383,0.0,24.0,2020-12-10
46.0,5.0,2020-12-11,274.7015,24.0,48.0,2020-12-10
46.0,5.0,2020-12-12,277.59866,48.0,72.0,2020-12-10
46.0,5.0,2020-12-13,275.01263,72.0,96.0,2020-12-10
46.0,5.0,2020-12-14,275.76288,96.0,120.0,2020-12-10
46.0,5.0,2020-12-15,277.6052,120.0,144.0,2020-12-10
46.0,5.0,2020-12-16,277.03955,144.0,168.0,2020-12-10
46.0,5.0,2020-12-17,276.57132,168.0,192.0,2020-12-10
46.0,5.0,2020-12-18,275.1213,192.0,216.0,2020-12-10
46.0,5.0,2020-12-19,274.6916,216.0,240.0,2020-12-10
46.0,5.0,2020-12-20,275.93076,240.0,264.0,2020-12-10
46.0,5.0,2020-12-21,276.60095,264.0,288.0,2020-12-10
46.0,5.0,2020-12-22,276.10873,288.0,312.0,2020-12-10
46.0,5.0,2020-12-23,279.36752,312.0,336.0,2020-12-10
46.0,5.0,2020-12-24,278.79822,336.0,360.0,2020-12-10
46.0,6.0,2020-12-10,267.94766,0.0,24.0,2020-12-10
46.0,6.0,2020-12-11,270.4815,24.0,48.0,2020-12-10
46.0,6.0,2020-12-12,274.76868,48.0,72.0,2020-12-10
46.0,6.0,2020-12-13,272.24518,72.0,96.0,2020-12-10
46.0,6.0,2020-12-14,272.5629,96.0,120.0,2020-12-10
46.0,6.0,2020-12-15,276.3376,120.0,144.0,2020-12-10
46.0,6.0,2020-12-16,274.20032,144.0,168.0,2020-12-10
46.0,6.0,2020-12-17,274.07132,168.0,192.0,2020-12-10
46.0,6.0,2020-12-18,272.78333,192.0,216.0,2020-12-10
46.0,6.0,2020-12-19,271.96222,216.0,240.0,2020-12-10
46.0,6.0,2020-12-20,272.69073,240.0,264.0,2020-12-10
46.0,6.0,2020-12-21,274.40094,264.0,288.0,2020-12-10
46.0,6.0,2020-12-22,273.16876,288.0,312.0,2020-12-10
46.0,6.0,2020-12-23,274.8575,312.0,336.0,2020-12-10
46.0,6.0,2020-12-24,277.32822,336.0,360.0,2020-12-10
47.0,4.0,2020-12-10,271.6538,0.0,24.0,2020-12-10
47.0,4.0,2020-12-11,275.6615,24.0,48.0,2020-12-10
47.0,4.0,2020-12-12,275.73868,48.0,72.0,2020-12-10
47.0,4.0,2020-12-13,275.81674,72.0,96.0,2020-12-10
47.0,4.0,2020-12-14,275.73288,96.0,120.0,2020-12-10
47.0,4.0,2020-12-15,275.7552,120.0,144.0,2020-12-10
47.0,4.0,2020-12-16,274.3203,144.0,168.0,2020-12-10
47.0,4.0,2020-12-17,275.11932,168.0,192.0,2020-12-10
47.0,4.0,2020-12-18,273.73334,192.0,216.0,2020-12-10
47.0,4.0,2020-12-19,272.61157,216.0,240.0,2020-12-10
47.0,4.0,2020-12-20,276.56668,240.0,264.0,2020-12-10
47.0,4.0,2020-12-21,275.12094,264.0,288.0,2020-12-10
47.0,4.0,2020-12-22,275.06876,288.0,312.0,2020-12-10
47.0,4.0,2020-12-23,278.11487,312.0,336.0,2020-12-10
47.0,4.0,2020-12-24,277.7782,336.0,360.0,2020-12-10
47.0,5.0,2020-12-10,271.26382,0.0,24.0,2020-12-10
47.0,5.0,2020-12-11,275.6215,24.0,48.0,2020-12-10
47.0,5.0,2020-12-12,277.79868,48.0,72.0,2020-12-10
47.0,5.0,2020-12-13,275.10266,72.0,96.0,2020-12-10
47.0,5.0,2020-12-14,275.4029,96.0,120.0,2020-12-10
47.0,5.0,2020-12-15,277.1652,120.0,144.0,2020-12-10
47.0,5.0,2020-12-16,275.77032,144.0,168.0,2020-12-10
47.0,5.0,2020-12-17,276.2513,168.0,192.0,2020-12-10
47.0,5.0,2020-12-18,274.26334,192.0,216.0,2020-12-10
47.0,5.0,2020-12-19,273.31158,216.0,240.0,2020-12-10
47.0,5.0,2020-12-20,275.23074,240.0,264.0,2020-12-10
47.0,5.0,2020-12-21,276.67096,264.0,288.0,2020-12-10
47.0,5.0,2020-12-22,276.14874,288.0,312.0,2020-12-10
47.0,5.0,2020-12-23,279.0675,312.0,336.0,2020-12-10
47.0,5.0,2020-12-24,278.89822,336.0,360.0,2020-12-10
47.0,6.0,2020-12-10,268.92764,0.0,24.0,2020-12-10
47.0,6.0,2020-12-11,274.7915,24.0,48.0,2020-12-10
47.0,6.0,2020-12-12,276.51868,48.0,72.0,2020-12-10
47.0,6.0,2020-12-13,274.05518,72.0,96.0,2020-12-10
47.0,6.0,2020-12-14,274.4329,96.0,120.0,2020-12-10
47.0,6.0,2020-12-15,277.3852,120.0,144.0,2020-12-10
47.0,6.0,2020-12-16,275.6903,144.0,168.0,2020-12-10
47.0,6.0,2020-12-17,275.20132,168.0,192.0,2020-12-10
47.0,6.0,2020-12-18,273.61334,192.0,216.0,2020-12-10
47.0,6.0,2020-12-19,273.58157,216.0,240.0,2020-12-10
47.0,6.0,2020-12-20,274.75775,240.0,264.0,2020-12-10
47.0,6.0,2020-12-21,275.29095,264.0,288.0,2020-12-10
47.0,6.0,2020-12-22,274.18875,288.0,312.0,2020-12-10
47.0,6.0,2020-12-23,277.47806,312.0,336.0,2020-12-10
47.0,6.0,2020-12-24,278.04822,336.0,360.0,2020-12-10
